151,"Charity Kybbye",Female,4/17/1990
152,"Olva Fishbourn",Female,2/1/2005
153,"Stephie Ternault",Female,10/31/1998
154,"Esme Bingley",Female,12/23/1994
155,"Zorah Myall",Female,5/3/1996
156,"Gilligan Isoldi",Female,4/1/1999
157,"Phyllida Eddis",Female,10/23/2002
158,"Odetta Bendan",Female,12/27/1995
159,"Dionysus Hobgen",Male,3/27/2001
160,"Darda Harrowing",Female,8/9/1991
161,"Adrianna Wynter",Female,10/18/2003
162,"Cindie Myerscough",Female,6/2/1992
163,"Barb Daughton",Female,1/7/2001
164,"Joshuah Woolam",Male,10/28/1991
165,"Melvyn Forster",Male,7/4/1992
166,"Crichton Tuminelli",Male,10/8/2001
167,"Donnajean Whittlesea",Female,6/7/2005
168,"Babette Brunger",Female,5/31/1994
169,"Olia Pendrey",Female,2/2/1998
170,"Sergei Calbrathe",Male,12/13/2003
171,"Guendolen Amsden",Female,9/11/1998
172,"Mathew Lindegard",Male,6/25/1997
173,"Quintus McKeand",Male,5/18/1993
174,"Doe Soles",Female,2/11/1991
175,"Filmer Garshore",Male,2/16/1999
176,"Bride Sparwell",Female,6/30/1992
177,"Valle Burleton",Genderqueer,9/28/1995
178,"Aldwin Bamsey",Male,3/13/1999
179,"Adrien Goodfellow",Male,10/23/1997
180,"Claire Hallan",Female,2/18/1993
181,"Jimmy Terry",Male,12/23/1999
182,"Vin Fechnie",Male,7/14/2003
183,"Padget Whitecross",Male,11/18/1994
184,"Kalli Mogey",Female,2/4/2002
185,"Emmery Braune",Male,12/31/2002
186,"Geoffry Whitely",Male,4/22/1993
187,"Laetitia Luety",Female,4/13/2001
188,"Ozzie Artindale",Polygender,3/27/1991
189,"Carita Doudny",Female,4/22/1997
190,"Selena Nicholas",Female,7/16/1994
191,"Samuele Setterthwait",Male,7/23/2005
192,"Ansel Luparto",Male,12/2/1999
193,"Karia Eyres",Female,7/3/1993
194,"Hermie Purnell",Male,10/26/2004
195,"Nat Tawton",Female,11/1/1990
196,"Rosco Land",Male,10/1/2002
197,"Quintilla De Benedictis",Female,3/8/2001
198,"Fair Taillard",Male,4/1/1991
199,"Melany Farrants",Female,11/1/2003
200,"Garvin Shine",Male,4/20/1995
201,"Ophelia Dumbrell",Female,7/5/1999
202,"Corinna Curnnok",Female,7/29/1994
203,"Thorny Valance",Male,8/31/1994
204,"Anders Oliphard",Agender,4/4/1999
205,"Lacey Marusik",Female,11/25/1998
206,"Jennica Wandless",Genderqueer,8/29/2000
207,"Feodor Ferryman",Male,11/19/2000
208,"Carney Ledgister",Male,7/1/2004
209,"Clare Onraet",Male,5/28/1993
210,"Isadore Glas",Male,8/22/1993
211,"Darcie Geering",Female,8/6/2003
212,"Alastair Blanpein",Male,1/4/2002
213,"Abe Sharvell",Male,5/23/1997
214,"Scarlett Gunda",Female,10/15/1994
215,"Yolanda Cawcutt",Female,4/25/1992
216,"Farrah Hallewell",Polygender,1/23/1994
217,"Alaster Hefforde",Male,4/17/1994
218,"Sallee Ayrton",Female,8/19/2002
219,"Alair Bragger",Male,8/13/1993
220,"Marjory Rubinsky",Female,2/9/2000
221,"Jerrilee Cullon",Female,11/16/1994
222,"Orland Eate",Male,11/21/2001
223,"Wolf Durn",Male,7/28/1995
224,"Farra Chard",Female,1/5/1993
225,"Marilin Radleigh",Female,10/20/2002
226,"Jodie Blanch",Male,2/7/1994
227,"Maurita Highwood",Female,8/6/2002
228,"Crista Orae",Female,8/21/1995
229,"Adrianna Collopy",Agender,2/16/2000
230,"Karly Crampton",Female,12/17/2002
231,"Waverly McEntegart",Male,2/14/1995
232,"Yolande Rhodes",Female,5/18/2005
233,"Susie Percy",Bigender,1/25/1997
234,"Delora Rodliff",Female,4/21/1990
235,"Archambault Hamson",Male,7/28/1997
236,"Ladonna Muncer",Bigender,1/29/2002
237,"Antin Parkes",Male,6/7/2001
238,"Caz Loveman",Male,8/10/1996
239,"Teodora Danilewicz",Female,7/16/2003
240,"Germana Stitch",Female,5/11/1991
241,"Robin Warmington",Male,11/27/1997
242,"Frederigo Grimsdyke",Male,2/21/2003
243,"Arny Cuppleditch",Male,2/8/1993
244,"Lena Davidovitch",Female,2/1/1997
245,"Guenna Gussie",Female,1/18/1991
246,"Reeba Maxwaile",Female,5/7/1995
247,"Garvy Diggles",Male,7/20/2000
248,"Dov Smale",Male,9/5/1994
249,"Alissa Bauduin",Non-binary,5/27/2000
250,"Kimmi Worham",Female,4/3/1994
251,"Erek Ratledge",Male,7/2/1996
252,"Imelda Jaycock",Female,2/15/1998
253,"Edythe Seemmonds",Genderfluid,9/14/1997
254,"Nessie Defraine",Female,5/25/1995
255,"Giovanna Beernaert",Female,12/25/1993
256,"Currie Asipenko",Male,11/14/1992
257,"Kari Lebourn",Female,2/29/2000
258,"Klarika Akroyd",Female,6/12/2005
259,"Krysta Basile",Female,5/17/1998
260,"Ephrayim Kierans",Male,5/8/1991
261,"Janka Cooley",Female,10/11/2002
262,"Leda Ewols",Genderfluid,10/1/1996
263,"Arin Rosina",Male,1/1/2001
264,"Cordie Geist",Female,7/30/1999
265,"Terrance Endean",Male,11/15/2001
266,"Iseabal Hartwell",Female,7/19/1996
267,"Humfrey Philippart",Male,4/3/2001
268,"Glynda Capelow",Female,3/5/2003
269,"Lonna Helleckas",Female,5/31/2001
270,"Nikolaus Jeaycock",Male,10/22/2005
271,"Eartha Belcham",Female,5/14/2002
272,"Gratia Widdowes",Female,9/30/1994
273,"Ambrosius Juliff",Male,10/15/2003
274,"Neilla Downton",Female,8/24/1999
275,"Orelle Fleming",Female,11/2/2005
276,"Vilma Benner",Female,9/15/1995
277,"Geoffry Hallitt",Male,5/17/2002
278,"Kandy Mac Geaney",Female,9/8/2000
279,"Tabbitha Ffrench",Female,6/17/1996
280,"Boothe Goudie",Male,1/31/2000
281,"Waldo Gres",Male,3/26/2002
282,"Jonas Weal",Male,10/10/1994
283,"Rosemary Whyatt",Female,7/9/1994
284,"Maxwell Tilte",Male,1/3/1999
285,"Odey Pallatina",Male,12/23/2002
286,"Ronny Brommage",Female,3/21/1991
287,"Giusto Pleasance",Male,9/9/2004
288,"Olia Cudmore",Female,8/10/2004
289,"Shay Probin",Male,12/5/1999
290,"Christina Dikes",Female,1/26/1993
291,"Wittie Swindall",Male,10/23/1992
292,"Lonnie Toft",Male,12/16/1990
293,"Annetta Seven",Female,6/5/1992
294,"Turner Buttwell",Male,7/4/1999
295,"Dallon Pickard",Male,1/15/2005
296,"Min Dyos",Female,7/31/1991
297,"Charmine Burth",Female,6/9/2003
298,"Gardiner Macconachy",Male,6/11/2004
299,"Robbert Fieldsend",Male,10/18/1999
300,"Sal Labbey",Male,5/27/1992
301,"Clarissa Urpeth",Female,1/9/1996
302,"Sophronia Blease",Female,6/25/1998
303,"Berkie Grutchfield",Male,10/24/2004
304,"Mary Medlicott",Female,1/12/2005
305,"Ilka Maggiori",Female,3/10/1991
306,"Bee Sentinella",Female,7/26/2003
307,"Horatia Hickisson",Female,4/10/2001
308,"Marlon Croysdale",Male,2/24/1990
309,"Carlin Larkins",Male,2/20/1993
310,"Cathie Crolla",Female,11/1/1995
311,"Pyotr Stile",Male,3/15/2001
312,"Vallie Ploughwright",Female,4/23/1994
313,"Harlan Caurah",Genderfluid,2/8/1991
314,"Erskine Rennles",Genderfluid,6/11/1992
315,"Mallissa Roset",Non-binary,7/10/1994
316,"Tomas Suermeiers",Male,7/1/1991
317,"Giovanni Beere",Male,1/18/1999
318,"Melitta Kitchener",Female,12/1/2001
319,"Dorthy de Merida",Female,7/14/1995
320,"Kevan Scambler",Male,2/2/1992
321,"Fons Gurery",Male,7/13/2002
322,"Ado Aumerle",Male,12/16/1999
323,"Marthe Schwandermann",Female,5/30/1999
324,"Beau Oldrey",Male,12/7/2005
325,"Gawain Camellini",Genderqueer,3/11/2000
326,"Jackquelin Moss",Female,4/1/2001
327,"Raquela Lambis",Female,5/11/1997
328,"Jana Lob",Female,8/7/1990
329,"Margarita Geldeford",Female,10/10/1993
330,"Janos Shaves",Male,1/22/2002
331,"Tasha Buggy",Non-binary,3/31/1993
332,"Gilberta Millott",Female,1/2/1992
333,"Ebonee Maffioni",Genderqueer,10/24/1993
334,"Minnie Spera",Female,1/28/1994
335,"Franciskus Bridgewater",Male,3/28/1990
336,"Adelheid Balk",Female,6/21/1998
337,"Tamar Blakeborough",Female,5/14/1991
338,"Tove Cud",Female,4/14/1992
339,"Oswald Sheircliffe",Male,9/15/2003
340,"Wilona Ordelt",Female,9/7/2004
341,"Ardyce Pieroni",Polygender,5/5/2000
342,"Otes Holberry",Male,7/22/1999
343,"Quint Stout",Male,3/11/1995
344,"Colman Clinch",Male,9/25/1991
345,"Lulita Novkovic",Female,5/5/1995
346,"Ashlan Zorzoni",Female,12/28/1995
347,"Sidonia Laird-Craig",Female,9/12/2003
348,"Neddy Marzello",Male,9/2/1997
349,"Tamqrah Painter",Female,8/27/1998
350,"Betta Cutridge",Female,10/27/2005
351,"Jammal Imison",Male,7/25/2003
352,"Maible Dies",Polygender,4/6/1991
353,"Boris De Biasio",Male,11/16/1995
354,"Zondra Basill",Female,2/7/1998
355,"Wilie Destouche",Female,8/3/1993
356,"Barnebas Grigoliis",Male,11/25/2002
357,"Rudyard Shopcott",Male,10/15/1994
358,"Joscelin Battleson",Female,7/22/2004
359,"Harlene Conrart",Female,10/11/1994
360,"Idalina Haugen",Female,5/21/2000
361,"Madelin Hannigane",Female,12/4/1996
362,"Niko Kermeen",Male,3/30/1995
363,"Daven Winteringham",Male,9/26/1994
364,"Jacobo Aughtie",Male,7/18/2005
365,"Tabb Iacapucci",Male,7/19/1997
366,"Dollie Webling",Female,7/6/1990
367,"Trumann Doram",Male,5/31/2000
368,"Rodd Gammage",Male,4/8/1994
369,"Nancee Iggulden",Non-binary,4/4/1992
370,"Georgianna Kreuzer",Female,10/2/1999
371,"Saleem Laurant",Male,6/1/1995
372,"Nicola Luciano",Female,9/14/1994
373,"Britte Skade",Female,11/7/2000
374,"Doralyn Boundey",Female,2/6/2005
375,"Ashlen Glentworth",Female,9/28/1999
376,"Lillis Wolton",Female,5/23/1996
377,"Stearne Rutherford",Agender,5/3/1996
378,"Randy Munt",Male,9/7/1991
379,"Ronnie Boycott",Male,6/12/1992
380,"Wenonah Morhall",Female,3/4/2005
381,"Rafaela Scrivenor",Female,6/8/1990
382,"Morgun Fitchett",Male,3/28/2004
383,"Sidney Beamish",Genderqueer,10/15/2002
384,"Doralia Scarrisbrick",Female,4/22/1998
385,"Ellen Grigaut",Female,6/7/2002
386,"Westleigh Cardero",Non-binary,4/12/2001
387,"Desiree Caroline",Female,2/25/2004
388,"Gilberto Woodward",Non-binary,5/30/1998
389,"Camille Norrey",Female,3/18/2004
390,"Barnie Grene",Male,6/29/2004
391,"Harwilll Zanioletti",Male,8/24/2002
392,"Lettie Popping",Female,9/16/2001
393,"Waring Bentley",Polygender,8/17/1997
394,"Harmonia Bakesef",Female,2/13/1999
395,"Bronson Thorwarth",Male,7/18/1991
396,"Cindra Syphus",Female,1/22/1994
397,"Fredrick Dauncey",Male,2/1/2002
398,"Red Croce",Male,10/1/2003
399,"Jacenta Hardingham",Bigender,7/23/1990
400,"Ddene Fontelles",Female,6/24/2000
401,"Bernadene Cocksedge",Female,12/18/1994
402,"Norrie Seivertsen",Male,12/12/2002
403,"Corbin Laval",Male,7/4/2000
404,"Palmer Inch",Male,4/13/1992
405,"Vance Dunster",Male,12/17/1997
406,"Loree Barthelmes",Female,3/13/2005
407,"Bernadene Bilverstone",Female,10/15/1998
408,"Lory Brithman",Female,1/14/2003
409,"Valle Averall",Male,11/27/1993
410,"Goraud Webster",Male,12/16/1997
411,"Romona Golling",Female,11/21/1990
412,"Mylo McGillivrie",Male,1/4/1991
413,"Bibby Shearman",Female,2/10/1996
414,"Raddy Melia",Male,12/14/1994
415,"Raina Filinkov",Female,11/10/1991
416,"Tallie Badham",Male,4/2/2001
417,"Zorine Chalfont",Bigender,8/1/2003
418,"Gilles Sibbit",Male,9/28/2005
419,"Fran Baldetti",Male,12/24/1998
420,"Lynnett Waddams",Female,9/20/2001
421,"Saunder Rubi",Male,12/26/1994
422,"Darius Hakeworth",Male,10/10/1993
423,"Lindsey Meiklam",Female,9/9/2001
424,"Mercedes Itzcovich",Female,8/25/1994
425,"Prinz Windless",Male,9/21/1990
426,"Burr Thompstone",Male,10/1/1998
427,"Rahel Younghusband",Non-binary,6/6/2004
428,"Ferdinand Zorzoni",Male,7/29/2003
429,"Wendell Phelipeaux",Male,1/31/2001
430,"Alva Garvan",Bigender,4/16/1990
431,"Gustaf Mushet",Male,9/19/1990
432,"Ryley Herculson",Male,6/7/2003
433,"Shannan McIlmurray",Male,7/28/1994
434,"Petunia Carle",Female,6/20/1994
435,"Gwenny Creek",Genderqueer,10/18/2002
436,"Sal Brockington",Female,12/3/2005
437,"Ebony Lumsdon",Female,1/14/1997
438,"Durand Rawcliff",Agender,2/2/1997
439,"Pail Aleso",Male,1/26/2003
440,"Karie Ambrodi",Female,2/12/2005
441,"Cordelia Capron",Female,9/24/1993
442,"Olimpia D'Agostino",Female,10/31/1990
443,"Annalee Gilding",Female,8/11/1999
444,"Andres Ludlow",Male,2/17/1999
445,"Caryl Jays",Male,5/28/2002
446,"Grover Caff",Male,11/2/1990
447,"Retha Prinnett",Female,8/9/1992
448,"Lynette Doig",Female,5/29/1993
449,"Victoir Dobrowski",Male,2/7/2004
450,"Horst Spinello",Male,1/20/1992
451,"Fletcher Gradwell",Male,1/4/1995
452,"Reid Andor",Male,4/3/1993
453,"Jazmin Stallon",Female,3/31/1991
454,"Olenolin Dragge",Male,5/23/2004
455,"Homerus Tuson",Male,3/2/2000
456,"Andonis Dickerline",Male,7/17/1998
457,"Lorna Pacitti",Female,11/21/1992
458,"Lilias Hammerberger",Female,2/21/2005
459,"Tymothy Musslewhite",Male,5/10/2005
460,"Dalli Toope",Male,11/18/1993
461,"Mervin Frondt",Male,7/28/1996
462,"Bucky Purdey",Male,7/3/2000
463,"Nicolas Sperwell",Male,10/29/1994
464,"Harriett Sharpous",Female,1/25/1990
465,"Sebastien Bond",Male,6/21/1990
466,"Ange Villalta",Male,3/11/2004
467,"Janice Itzhaki",Female,5/11/1992
468,"Peggi Rainsden",Female,1/23/1993
469,"Caryn Sauter",Female,11/29/2002
470,"Lia Goodings",Female,5/24/2000
471,"Kristine Leuren",Female,4/19/2005
472,"Georgette Paff",Female,12/28/2000
473,"Tracie Terrell",Female,8/25/1995
474,"Demetris Fierman",Female,10/3/2001
475,"Legra Gravet",Female,4/29/1994
476,"Jud Wyd",Male,3/11/2004
477,"Coretta Garratty",Female,3/15/1993
478,"Jarib Gerretsen",Male,4/25/1998
479,"Britni Savege",Female,5/13/1995
480,"Sharona Iacovuzzi",Female,4/5/1992
481,"Sidonnie McCourtie",Female,4/20/2005
482,"Freddy Cufley",Female,7/31/1997
483,"Karon Grocock",Female,6/12/1992
484,"Gram Milberry",Non-binary,2/20/2002
485,"Cathrine Khan",Female,1/12/2001
486,"Chryste Robrose",Female,8/27/1999
487,"Ingar Klaassens",Male,10/9/1990
488,"Germaine Fitter",Female,6/6/1998
489,"Dori Braywood",Female,12/21/1995
490,"Baxy McLise",Male,7/22/2001
491,"Debor Tredinnick",Female,5/31/1996
492,"Ramonda Kear",Female,12/26/1992
493,"Kahaleel Hadlee",Male,8/11/1993
494,"Blaine Ginty",Genderfluid,3/20/2005
495,"Nadine Hobden",Female,7/25/1993
496,"Brett Hewkin",Female,10/15/2005
497,"Dotti McCrackan",Female,12/25/2000
498,"Cynthia Thomesson",Female,12/20/2001
499,"Thomasin Toward",Female,3/28/2001
500,"Dredi Eshelby",Female,6/15/1997
