1,"Werner Hollows",Male,11/9/1997
2,"Martica MacRanald",Female,10/18/2000
3,"Orlan Epp",Male,10/24/1991
4,"Hamid Atkirk",Male,7/18/1994
5,"Shepard Blewitt",Male,3/23/1998
6,"Bent Bownd",Male,1/17/1999
7,"Alika Healy",Female,8/31/1990
8,"Lloyd de Broke",Male,4/14/1991
9,"Dotti Penniell",Female,11/11/2001
10,"Odelinda Layfield",Female,7/9/1991
11,"Ivy Wozencroft",Female,7/6/2001
12,"Ryun Ebi",Male,5/24/1990
13,"Nessie Meenehan",Female,9/23/2005
14,"Traci Sein",Female,6/28/2005
15,"Yasmin Caldron",Female,7/28/1996
16,"Jedediah Sinnatt",Male,11/10/1992
17,"Zane Leving",Male,4/18/1997
18,"Corie Huskisson",Female,7/22/1997
19,"Cathleen Burgh",Female,2/23/2001
20,"Gipsy Cockayne",Female,2/22/2001
21,"Gerardo Byham",Male,2/22/1997
22,"Rosanna Bawme",Female,6/6/1992
23,"Thaddeus Deakin",Male,7/6/1994
24,"Nappy Mowbray",Male,11/16/2003
25,"Kristos Henden",Male,9/27/1999
26,"Joshia Gorden",Male,1/23/1999
27,"Harri De Giorgio",Female,1/23/2000
28,"Twila Veque",Female,1/31/1991
29,"Noak Frankema",Male,8/2/2001
30,"Anabel Ghiotto",Female,10/14/1990
31,"Lorianna Shepeard",Bigender,8/24/1996
32,"Mathian Bellerby",Male,7/23/2002
33,"Odella Pluck",Female,3/23/1996
34,"Daffi Boutton",Female,3/5/1994
35,"Cathy Soots",Female,5/23/1993
36,"Dolph McArdell",Male,12/8/2004
37,"Dionysus De Meis",Male,7/14/1990
38,"Tildy Absalom",Female,3/2/1993
39,"Reece Dunklee",Male,1/23/1991
40,"Porter Bennington",Male,7/24/1993
41,"Daryn Desporte",Female,10/10/2001
42,"Hobey Woolaston",Male,12/10/1999
43,"Ronny O'Kynsillaghe",Male,10/23/1997
44,"Leonardo Hows",Male,12/15/2000
45,"Dorri Illyes",Female,7/22/1995
46,"Rafaelita Fawckner",Female,11/22/1994
47,"Cora Lofthouse",Female,12/17/1997
48,"Davidson Elt",Male,7/4/1990
49,"Dominik McKee",Male,2/27/2001
50,"Tilda MacKellar",Female,12/15/1991
51,"Larissa Deans",Female,7/4/1998
52,"Cleve Cusack",Male,4/15/1998
53,"Frederico Addess",Male,10/8/1993
54,"Nevsa Simper",Female,8/12/1995
55,"Clerissa Grigolon",Female,4/22/2004
56,"Pattin Snodin",Male,1/16/2002
57,"Gasper Tolley",Male,10/5/1999
58,"Fraze Linneman",Male,5/6/2003
59,"Dell Rosendale",Male,6/19/1998
60,"Whitney Paybody",Female,9/10/1990
61,"Aksel Baile",Male,5/4/1993
62,"Shay Bradly",Female,9/8/2003
63,"Elroy Piccard",Male,8/2/2001
64,"Agosto Deakin",Male,2/1/1995
65,"Irvin Kovalski",Male,1/8/1993
66,"Yehudi Huortic",Male,12/8/1992
67,"Irving Collens",Male,5/20/1991
68,"Mala Goede",Female,12/20/1994
69,"Alwin Langlais",Male,12/21/1991
70,"Celene Lines",Female,7/22/1992
71,"Linnea Nethercott",Female,2/16/2001
72,"Earvin Jobern",Male,4/17/1997
73,"Karole Aindrais",Female,6/2/1993
74,"Elka De Fries",Female,6/12/1999
75,"Doloritas Mebius",Genderqueer,9/17/1997
76,"Erie Daughton",Male,3/15/2001
77,"Halli Perle",Female,11/13/2002
78,"Herrick Alu",Male,11/11/1992
79,"Darb Ragg",Female,7/11/1992
80,"Brant Fair",Male,9/4/1991
81,"Hilliary Gipp",Female,4/13/1992
82,"Yves Hawkridge",Male,2/27/1991
83,"Olivette OIlier",Female,3/6/1994
84,"Case Langthorne",Male,3/23/1999
85,"Elyse Torrejon",Female,3/23/1993
86,"Caryn Riply",Female,1/8/1998
87,"Isak Merck",Male,12/14/1992
88,"Brandy Enga",Male,4/16/1991
89,"Osbourne Beresfore",Male,3/12/1994
90,"Lucienne Stit",Female,9/2/2005
91,"Mel Penrice",Agender,12/1/2000
92,"Gilda Pioli",Female,11/7/1999
93,"Sebastian Fusco",Male,1/20/2005
94,"Clayton Edards",Male,4/8/2001
95,"Goober Oxtoby",Male,1/23/2000
96,"Jordan Hanby",Male,11/19/1996
97,"Manolo Novill",Male,9/29/1992
98,"Tomasina Bartos",Female,2/17/2000
99,"Marietta Goodburn",Agender,10/16/2002
100,"Kearney Gissing",Male,7/28/1990
101,"Briney Shepton",Female,3/10/2000
102,"Linus Imbrey",Male,2/5/2003
103,"Garrot Ethelstone",Male,7/29/1992
104,"Wendye Nare",Female,2/12/2002
105,"Cherey De Ferraris",Female,7/11/2003
106,"Launce Northedge",Male,2/7/1996
107,"Olenolin Fidele",Male,10/4/2001
108,"Bearnard Halladey",Male,4/18/1996
109,"Ase O'Leary",Genderfluid,6/27/1992
110,"Ebony Monelle",Female,9/7/1994
111,"Cherri O'dell",Female,8/10/1999
112,"Barnabas Shoubridge",Male,3/2/1994
113,"Chaddy Swetenham",Male,8/6/1993
114,"Benedikt Pettegre",Male,7/6/1991
115,"Enoch Deas",Male,11/14/2004
116,"Avram Ellis",Male,12/13/2005
117,"Dyana Ishaki",Female,7/21/1995
118,"Bendick Prestland",Male,4/14/1991
119,"Toinette Willox",Female,4/23/2001
120,"Tess Sandyford",Female,7/22/1994
121,"Ceil Beedle",Female,7/28/1991
122,"Billy Ambrogelli",Male,11/28/1996
123,"Field Adamski",Male,7/8/1992
124,"Nedi Larwell",Female,2/7/1990
125,"Mabelle Reading",Female,8/3/2003
126,"Georges Dibling",Male,10/11/1993
127,"Dorena Salzberger",Female,6/2/2003
128,"Derrek Maris",Genderqueer,5/9/1990
129,"Erena Spellicy",Female,10/9/1990
130,"Lauretta de Wilde",Female,10/5/1996
131,"Hall Naismith",Male,7/18/1996
132,"Winnifred Krauss",Female,4/23/2004
133,"Nathanial Cordery",Male,2/23/2005
134,"Indira Gellert",Female,8/5/1994
135,"Lyndsay Jarritt",Female,10/1/2004
136,"Fredrika Mawne",Female,7/21/1999
137,"Ermina Pykett",Female,6/11/1994
138,"Patrizio Throughton",Male,1/14/2000
139,"Bendite Frenzl",Female,2/9/2004
140,"Standford Stobbie",Male,11/13/2000
141,"Gerti Sutterfield",Female,2/14/2000
142,"Thebault Caitlin",Male,4/16/1995
143,"Brett Buttwell",Female,3/25/1990
144,"Guilbert Haydon",Male,1/13/2005
145,"Urbanus Jephcott",Male,5/14/1994
146,"Neill Lanchbury",Male,7/22/1995
147,"Alyssa Blunden",Female,9/23/1997
148,"Theadora Scaife",Female,5/11/1999
149,"Adlai Cussons",Male,11/13/2000
150,"Babbette Battye",Female,4/13/1999
